time,modem name,modemType,macaddress,HPS,beamName,satnetName,VNO,ActiveBeamID,CF,SymbolRate,RXvoltage,ElevationOffset,LowBand_LO,HighBand_LO,BUC_LO,temperature,cpuUsage,forwardModcod,uptime,ESN0,ReceivePower,BE_RX,BE_TX,CD1_RX,CD1_TX,CD2_RX,CD2_TX,CD3_RX,CD3_TX,RT1_RX,RT1_TX,RT2_RX,RT2_TX,RT3_RX,RT3_TX
2020-08-05T07:11:21,MDM-4,Newtec MDM3x00 modem. Software version: 4.3.1.7. Hardware identifier: NTC/2254.AA,00:06:39:8a:36:63,2,Beam2,SN2,vno,11,12900000000,20000000,off,0.0,11300000000,0,14300000000,40.0,29.27308447937131,9,240626880,6.699999809265137,-43.0,0,0,0,0,0,0,0,0,0,0,276,276,0,0
2020-08-05T07:11:21,MDM-3,Newtec MDM3x00 modem. Software version: 4.3.1.7. Hardware identifier: NTC/2254.AA,00:06:39:8a:19:d0,2,Beam2,SN2,vno,12,12900000000,20000000,off,0.0,11300000000,0,14300000000,41.0,21.19460500963391,9,240626352,6.699999809265137,-43.40000152587891,0,0,0,0,0,0,0,0,0,0,329,329,0,0
time,modem name,modemType,macaddress,HPS,beamName,satnetName,VNO,ActiveBeamID,CF,SymbolRate,RXvoltage,ElevationOffset,LowBand_LO,HighBand_LO,BUC_LO,temperature,cpuUsage,forwardModcod,uptime,ESN0,ReceivePower,BE_RX,BE_TX,CD1_RX,CD1_TX,CD2_RX,CD2_TX,CD3_RX,CD3_TX,RT1_RX,RT1_TX,RT2_RX,RT2_TX,RT3_RX,RT3_TX
2020-08-05T07:25:34,MDM-4,Newtec MDM3x00 modem. Software version: 4.3.1.7. Hardware identifier: NTC/2254.AA,00:06:39:8a:36:63,2,Beam2,SN2,vno,11,12900000000,20000000,off,0.0,11300000000,0,14300000000,41.0,31.98847262247839,9,240712320,6.699999809265137,-43.0,0,0,0,0,0,0,0,0,0,0,306,306,0,0
2020-08-05T07:25:34,MDM-3,Newtec MDM3x00 modem. Software version: 4.3.1.7. Hardware identifier: NTC/2254.AA,00:06:39:8a:19:d0,2,Beam2,SN2,vno,12,12900000000,20000000,off,0.0,11300000000,0,14300000000,41.0,27.20232333010649,9,240711872,6.699999809265137,-43.40000152587891,0,0,0,0,0,0,0,0,0,0,341,341,0,0
time,modem name,modemType,macaddress,HPS,beamName,satnetName,VNO,ActiveBeamID,CF,SymbolRate,RXvoltage,ElevationOffset,LowBand_LO,HighBand_LO,BUC_LO,temperature,cpuUsage,forwardModcod,uptime,ESN0,ReceivePower,BE_RX,BE_TX,CD1_RX,CD1_TX,CD2_RX,CD2_TX,CD3_RX,CD3_TX,RT1_RX,RT1_TX,RT2_RX,RT2_TX,RT3_RX,RT3_TX
2020-08-05T07:28:34,MDM-4,Newtec MDM3x00 modem. Software version: 4.3.1.7. Hardware identifier: NTC/2254.AA,00:06:39:8a:36:63,2,Beam2,SN2,vno,11,12900000000,20000000,off,0.0,11300000000,0,14300000000,40.0,29.37743190661479,9,240730400,6.699999809265137,-43.0,0,0,0,0,0,0,0,0,0,0,336,336,0,0
2020-08-05T07:28:34,MDM-3,Newtec MDM3x00 modem. Software version: 4.3.1.7. Hardware identifier: NTC/2254.AA,00:06:39:8a:19:d0,2,Beam2,SN2,vno,12,12900000000,20000000,off,0.0,11300000000,0,14300000000,42.0,30.56351480420248,9,240729904,6.699999809265137,-43.5,0,0,0,0,0,0,0,0,0,0,342,342,0,0
time,modem name,modemType,macaddress,HPS,beamName,satnetName,VNO,ActiveBeamID,CF,SymbolRate,RXvoltage,ElevationOffset,LowBand_LO,HighBand_LO,BUC_LO,temperature,cpuUsage,forwardModcod,uptime,ESN0,ReceivePower,BE_RX,BE_TX,CD1_RX,CD1_TX,CD2_RX,CD2_TX,CD3_RX,CD3_TX,RT1_RX,RT1_TX,RT2_RX,RT2_TX,RT3_RX,RT3_TX
time,modem name,modemType,macaddress,HPS,beamName,satnetName,VNO,ActiveBeamID,CF,SymbolRate,RXvoltage,ElevationOffset,LowBand_LO,HighBand_LO,BUC_LO,temperature,cpuUsage,forwardModcod,uptime,ESN0,ReceivePower,BE_RX,BE_TX,CD1_RX,CD1_TX,CD2_RX,CD2_TX,CD3_RX,CD3_TX,RT1_RX,RT1_TX,RT2_RX,RT2_TX,RT3_RX,RT3_TX
time,modem name,modemType,macaddress,HPS,beamName,satnetName,VNO,ActiveBeamID,CF,SymbolRate,RXvoltage,ElevationOffset,LowBand_LO,HighBand_LO,BUC_LO,temperature,cpuUsage,forwardModcod,uptime,ESN0,ReceivePower,BE_RX,BE_TX,CD1_RX,CD1_TX,CD2_RX,CD2_TX,CD3_RX,CD3_TX,RT1_RX,RT1_TX,RT2_RX,RT2_TX,RT3_RX,RT3_TX
time,modem name,modemType,macaddress,HPS,beamName,satnetName,VNO,ActiveBeamID,CF,SymbolRate,RXvoltage,ElevationOffset,LowBand_LO,HighBand_LO,BUC_LO,temperature,cpuUsage,forwardModcod,uptime,ESN0,ReceivePower,BE_RX,BE_TX,CD1_RX,CD1_TX,CD2_RX,CD2_TX,CD3_RX,CD3_TX,RT1_RX,RT1_TX,RT2_RX,RT2_TX,RT3_RX,RT3_TX
time,modem name,modemType,macaddress,HPS,beamName,satnetName,VNO,ActiveBeamID,CF,SymbolRate,RXvoltage,ElevationOffset,LowBand_LO,HighBand_LO,BUC_LO,temperature,cpuUsage,forwardModcod,uptime,ESN0,ReceivePower,BE_RX,BE_TX,CD1_RX,CD1_TX,CD2_RX,CD2_TX,CD3_RX,CD3_TX,RT1_RX,RT1_TX,RT2_RX,RT2_TX,RT3_RX,RT3_TX
time,modem name,modemType,macaddress,HPS,beamName,satnetName,VNO,ActiveBeamID,CF,SymbolRate,RXvoltage,ElevationOffset,LowBand_LO,HighBand_LO,BUC_LO,temperature,cpuUsage,forwardModcod,uptime,ESN0,ReceivePower,BE_RX,BE_TX,CD1_RX,CD1_TX,CD2_RX,CD2_TX,CD3_RX,CD3_TX,RT1_RX,RT1_TX,RT2_RX,RT2_TX,RT3_RX,RT3_TX
time,modem name,modemType,macaddress,HPS,beamName,satnetName,VNO,ActiveBeamID,CF,SymbolRate,RXvoltage,ElevationOffset,LowBand_LO,HighBand_LO,BUC_LO,temperature,cpuUsage,forwardModcod,uptime,ESN0,ReceivePower,BE_RX,BE_TX,CD1_RX,CD1_TX,CD2_RX,CD2_TX,CD3_RX,CD3_TX,RT1_RX,RT1_TX,RT2_RX,RT2_TX,RT3_RX,RT3_TX
time,modem name,modemType,macaddress,HPS,beamName,satnetName,VNO,ActiveBeamID,CF,SymbolRate,RXvoltage,ElevationOffset,LowBand_LO,HighBand_LO,BUC_LO,temperature,cpuUsage,forwardModcod,uptime,ESN0,ReceivePower,BE_RX,BE_TX,CD1_RX,CD1_TX,CD2_RX,CD2_TX,CD3_RX,CD3_TX,RT1_RX,RT1_TX,RT2_RX,RT2_TX,RT3_RX,RT3_TX
time,modem name,modemType,macaddress,HPS,beamName,satnetName,VNO,ActiveBeamID,CF,SymbolRate,RXvoltage,ElevationOffset,LowBand_LO,HighBand_LO,BUC_LO,temperature,cpuUsage,forwardModcod,uptime,ESN0,ReceivePower,BE_RX,BE_TX,CD1_RX,CD1_TX,CD2_RX,CD2_TX,CD3_RX,CD3_TX,RT1_RX,RT1_TX,RT2_RX,RT2_TX,RT3_RX,RT3_TX
time,modem name,modemType,macaddress,HPS,beamName,satnetName,VNO,ActiveBeamID,CF,SymbolRate,RXvoltage,ElevationOffset,LowBand_LO,HighBand_LO,BUC_LO,temperature,cpuUsage,forwardModcod,uptime,ESN0,ReceivePower,BE_RX,BE_TX,CD1_RX,CD1_TX,CD2_RX,CD2_TX,CD3_RX,CD3_TX,RT1_RX,RT1_TX,RT2_RX,RT2_TX,RT3_RX,RT3_TX
time,modem name,modemType,macaddress,HPS,beamName,satnetName,VNO,ActiveBeamID,CF,SymbolRate,RXvoltage,ElevationOffset,LowBand_LO,HighBand_LO,BUC_LO,temperature,cpuUsage,forwardModcod,uptime,ESN0,ReceivePower,BE_RX,BE_TX,CD1_RX,CD1_TX,CD2_RX,CD2_TX,CD3_RX,CD3_TX,RT1_RX,RT1_TX,RT2_RX,RT2_TX,RT3_RX,RT3_TX
time,modem name,modemType,macaddress,HPS,beamName,satnetName,VNO,ActiveBeamID,CF,SymbolRate,RXvoltage,ElevationOffset,LowBand_LO,HighBand_LO,BUC_LO,temperature,cpuUsage,forwardModcod,uptime,ESN0,ReceivePower,BE_RX,BE_TX,CD1_RX,CD1_TX,CD2_RX,CD2_TX,CD3_RX,CD3_TX,RT1_RX,RT1_TX,RT2_RX,RT2_TX,RT3_RX,RT3_TX
time,modem name,modemType,macaddress,HPS,beamName,satnetName,VNO,ActiveBeamID,CF,SymbolRate,RXvoltage,ElevationOffset,LowBand_LO,HighBand_LO,BUC_LO,temperature,cpuUsage,forwardModcod,uptime,ESN0,ReceivePower,BE_RX,BE_TX,CD1_RX,CD1_TX,CD2_RX,CD2_TX,CD3_RX,CD3_TX,RT1_RX,RT1_TX,RT2_RX,RT2_TX,RT3_RX,RT3_TX
time,modem name,modemType,macaddress,HPS,beamName,satnetName,VNO,ActiveBeamID,CF,SymbolRate,RXvoltage,ElevationOffset,LowBand_LO,HighBand_LO,BUC_LO,temperature,cpuUsage,forwardModcod,uptime,ESN0,ReceivePower,BE_RX,BE_TX,CD1_RX,CD1_TX,CD2_RX,CD2_TX,CD3_RX,CD3_TX,RT1_RX,RT1_TX,RT2_RX,RT2_TX,RT3_RX,RT3_TX
2020-08-05T13:50:22,MDM-1,Newtec MDM3x00 modem. Software version: 4.3.1.7. Hardware identifier: NTC/2254.AA,00:06:39:8a:07:af,1,Beam1,SN1,vno,11,12875000000,20000000,off,0.0,11300000000,0,14300000000,41.0,23.73581011351909,8,243018944,6.0,-43.79999923706055,0,0,1864,1864,4,4,0,0,0,0,0,0,0,0
time,modem name,modemType,macaddress,HPS,beamName,satnetName,VNO,ActiveBeamID,CF,SymbolRate,RXvoltage,ElevationOffset,LowBand_LO,HighBand_LO,BUC_LO,temperature,cpuUsage,forwardModcod,uptime,ESN0,ReceivePower,BE_RX,BE_TX,CD1_RX,CD1_TX,CD2_RX,CD2_TX,CD3_RX,CD3_TX,RT1_RX,RT1_TX,RT2_RX,RT2_TX,RT3_RX,RT3_TX
time,modem name,modemType,macaddress,HPS,beamName,satnetName,VNO,ActiveBeamID,CF,SymbolRate,RXvoltage,ElevationOffset,LowBand_LO,HighBand_LO,BUC_LO,temperature,cpuUsage,forwardModcod,uptime,ESN0,ReceivePower,BE_RX,BE_TX,CD1_RX,CD1_TX,CD2_RX,CD2_TX,CD3_RX,CD3_TX,RT1_RX,RT1_TX,RT2_RX,RT2_TX,RT3_RX,RT3_TX
time,modem name,modemType,macaddress,HPS,beamName,satnetName,VNO,ActiveBeamID,CF,SymbolRate,RXvoltage,ElevationOffset,LowBand_LO,HighBand_LO,BUC_LO,temperature,cpuUsage,forwardModcod,uptime,ESN0,ReceivePower,BE_RX,BE_TX,CD1_RX,CD1_TX,CD2_RX,CD2_TX,CD3_RX,CD3_TX,RT1_RX,RT1_TX,RT2_RX,RT2_TX,RT3_RX,RT3_TX
2020-08-05T14:04:34,MDM-1,Newtec MDM3x00 modem. Software version: 4.3.1.7. Hardware identifier: NTC/2254.AA,00:06:39:8a:07:af,1,Beam1,SN1,vno,11,12875000000,20000000,off,0.0,11300000000,0,14300000000,41.0,19.36799184505606,8,243103872,5.900000095367432,-43.79999923706055,0,0,207,207,0,0,0,0,0,0,0,0,0,0
time,modem name,modemType,macaddress,HPS,beamName,satnetName,VNO,ActiveBeamID,CF,SymbolRate,RXvoltage,ElevationOffset,LowBand_LO,HighBand_LO,BUC_LO,temperature,cpuUsage,forwardModcod,uptime,ESN0,ReceivePower,BE_RX,BE_TX,CD1_RX,CD1_TX,CD2_RX,CD2_TX,CD3_RX,CD3_TX,RT1_RX,RT1_TX,RT2_RX,RT2_TX,RT3_RX,RT3_TX
2020-08-05T14:06:50,MDM-1,Newtec MDM3x00 modem. Software version: 4.3.1.7. Hardware identifier: NTC/2254.AA,00:06:39:8a:07:af,1,Beam1,SN1,vno,11,12875000000,20000000,off,0.0,11300000000,0,14300000000,41.0,23.61963190184049,8,243117648,5.900000095367432,-43.79999923706055,0,0,975,975,0,0,0,0,0,0,0,0,0,0
time,modem name,modemType,macaddress,HPS,beamName,satnetName,VNO,ActiveBeamID,CF,SymbolRate,RXvoltage,ElevationOffset,LowBand_LO,HighBand_LO,BUC_LO,temperature,cpuUsage,forwardModcod,uptime,ESN0,ReceivePower,BE_RX,BE_TX,CD1_RX,CD1_TX,CD2_RX,CD2_TX,CD3_RX,CD3_TX,RT1_RX,RT1_TX,RT2_RX,RT2_TX,RT3_RX,RT3_TX
2020-08-05T14:07:37,MDM-1,Newtec MDM3x00 modem. Software version: 4.3.1.7. Hardware identifier: NTC/2254.AA,00:06:39:8a:07:af,1,Beam1,SN1,vno,11,12875000000,20000000,off,0.0,11300000000,0,14300000000,41.0,24.44889779559118,8,243122368,6.0,-43.79999923706055,0,0,975,975,4,4,0,0,0,0,0,0,0,0
time,modem name,modemType,macaddress,HPS,beamName,satnetName,VNO,ActiveBeamID,CF,SymbolRate,RXvoltage,ElevationOffset,LowBand_LO,HighBand_LO,BUC_LO,temperature,cpuUsage,forwardModcod,uptime,ESN0,ReceivePower,BE_RX,BE_TX,CD1_RX,CD1_TX,CD2_RX,CD2_TX,CD3_RX,CD3_TX,RT1_RX,RT1_TX,RT2_RX,RT2_TX,RT3_RX,RT3_TX
2020-08-05T14:10:22,MDM-1,Newtec MDM3x00 modem. Software version: 4.3.1.7. Hardware identifier: NTC/2254.AA,00:06:39:8a:07:af,1,Beam1,SN1,vno,11,12875000000,20000000,off,0.0,11300000000,0,14300000000,41.0,23.92638036809816,8,243138624,6.0,-43.79999923706055,0,0,1071,1071,4,4,0,0,0,0,0,0,0,0
time,modem name,modemType,macaddress,HPS,beamName,satnetName,VNO,ActiveBeamID,CF,SymbolRate,RXvoltage,ElevationOffset,LowBand_LO,HighBand_LO,BUC_LO,temperature,cpuUsage,forwardModcod,uptime,ESN0,ReceivePower,BE_RX,BE_TX,CD1_RX,CD1_TX,CD2_RX,CD2_TX,CD3_RX,CD3_TX,RT1_RX,RT1_TX,RT2_RX,RT2_TX,RT3_RX,RT3_TX
2020-08-05T14:12:20,MDM-1,Newtec MDM3x00 modem. Software version: 4.3.1.7. Hardware identifier: NTC/2254.AA,00:06:39:8a:07:af,1,Beam1,SN1,vno,11,12875000000,20000000,off,0.0,11300000000,0,14300000000,41.0,28.62632084534102,8,243150944,6.0,-43.79999923706055,0,0,1061,1061,4,4,0,0,0,0,0,0,0,0
time,modem name,modemType,macaddress,HPS,beamName,satnetName,VNO,ActiveBeamID,CF,SymbolRate,RXvoltage,ElevationOffset,LowBand_LO,HighBand_LO,BUC_LO,temperature,cpuUsage,forwardModcod,uptime,ESN0,ReceivePower,BE_RX,BE_TX,CD1_RX,CD1_TX,CD2_RX,CD2_TX,CD3_RX,CD3_TX,RT1_RX,RT1_TX,RT2_RX,RT2_TX,RT3_RX,RT3_TX
time,modem name,modemType,macaddress,HPS,beamName,satnetName,VNO,ActiveBeamID,CF,SymbolRate,RXvoltage,ElevationOffset,LowBand_LO,HighBand_LO,BUC_LO,temperature,cpuUsage,forwardModcod,uptime,ESN0,ReceivePower,BE_RX,BE_TX,CD1_RX,CD1_TX,CD2_RX,CD2_TX,CD3_RX,CD3_TX,RT1_RX,RT1_TX,RT2_RX,RT2_TX,RT3_RX,RT3_TX
2020-08-05T14:16:56,MDM-1,Newtec MDM3x00 modem. Software version: 4.3.1.7. Hardware identifier: NTC/2254.AA,00:06:39:8a:07:af,1,Beam1,SN1,vno,11,12875000000,20000000,off,0.0,11300000000,0,14300000000,41.0,23.86363636363636,8,243177904,6.0,-43.79999923706055,0,0,1704,1704,4,4,0,0,0,0,0,0,0,0
time,modem name,modemType,macaddress,HPS,beamName,satnetName,VNO,ActiveBeamID,CF,SymbolRate,RXvoltage,ElevationOffset,LowBand_LO,HighBand_LO,BUC_LO,temperature,cpuUsage,forwardModcod,uptime,ESN0,ReceivePower,BE_RX,BE_TX,CD1_RX,CD1_TX,CD2_RX,CD2_TX,CD3_RX,CD3_TX,RT1_RX,RT1_TX,RT2_RX,RT2_TX,RT3_RX,RT3_TX
2020-08-05T14:20:27,MDM-1,Newtec MDM3x00 modem. Software version: 4.3.1.7. Hardware identifier: NTC/2254.AA,00:06:39:8a:07:af,1,Beam1,SN1,vno,11,12875000000,20000000,off,0.0,11300000000,0,14300000000,41.0,23.04483837330553,8,243199168,6.0,-43.79999923706055,0,0,1036,1036,0,0,0,0,0,0,0,0,0,0
time,modem name,modemType,macaddress,HPS,beamName,satnetName,VNO,ActiveBeamID,CF,SymbolRate,RXvoltage,ElevationOffset,LowBand_LO,HighBand_LO,BUC_LO,temperature,cpuUsage,forwardModcod,uptime,ESN0,ReceivePower,BE_RX,BE_TX,CD1_RX,CD1_TX,CD2_RX,CD2_TX,CD3_RX,CD3_TX,RT1_RX,RT1_TX,RT2_RX,RT2_TX,RT3_RX,RT3_TX
2020-08-05T14:26:45,MDM-1,Newtec MDM3x00 modem. Software version: 4.3.1.7. Hardware identifier: NTC/2254.AA,00:06:39:8a:07:af,1,Beam1,SN1,vno,11,12875000000,20000000,off,0.0,11300000000,0,14300000000,41.0,23.71663244353183,8,243237120,5.900000095367432,-43.79999923706055,0,0,2194,2194,0,0,0,0,0,0,0,0,0,0
time,modem name,modemType,macaddress,HPS,beamName,satnetName,VNO,ActiveBeamID,CF,SymbolRate,RXvoltage,ElevationOffset,LowBand_LO,HighBand_LO,BUC_LO,temperature,cpuUsage,forwardModcod,uptime,ESN0,ReceivePower,BE_RX,BE_TX,CD1_RX,CD1_TX,CD2_RX,CD2_TX,CD3_RX,CD3_TX,RT1_RX,RT1_TX,RT2_RX,RT2_TX,RT3_RX,RT3_TX
2020-08-05T14:28:55,MDM-1,Newtec MDM3x00 modem. Software version: 4.3.1.7. Hardware identifier: NTC/2254.AA,00:06:39:8a:07:af,1,Beam1,SN1,vno,11,12875000000,20000000,off,0.0,11300000000,0,14300000000,41.0,25.0,8,243249744,6.0,-43.79999923706055,0,0,2195,2195,0,0,0,0,0,0,0,0,0,0
time,modem name,modemType,macaddress,HPS,beamName,satnetName,VNO,ActiveBeamID,CF,SymbolRate,RXvoltage,ElevationOffset,LowBand_LO,HighBand_LO,BUC_LO,temperature,cpuUsage,forwardModcod,uptime,ESN0,ReceivePower,BE_RX,BE_TX,CD1_RX,CD1_TX,CD2_RX,CD2_TX,CD3_RX,CD3_TX,RT1_RX,RT1_TX,RT2_RX,RT2_TX,RT3_RX,RT3_TX
2020-08-05T14:34:00,MDM-1,Newtec MDM3x00 modem. Software version: 4.3.1.7. Hardware identifier: NTC/2254.AA,00:06:39:8a:07:af,1,Beam1,SN1,vno,11,12875000000,20000000,off,0.0,11300000000,0,14300000000,41.0,24.87411883182276,8,243280400,6.0,-43.79999923706055,,,,,,,,,,,,,,
2020-08-05T14:34:22,MDM-9_5000,Newtec MDM5000 modem. Software version: 4.3.1.7. Hardware identifier: NTC/2359.AA,00:06:39:08:f6:c2,1,Beam1,SN1,vno,11,12875000000,20000000,off,0.0,11300000000,0,14300000000,62.0,12.35521235521236,9,242978352,6.0,-38.90000152587891,,,,,,,,,,,,,,
time,modem name,modemType,macaddress,HPS,beamName,satnetName,VNO,ActiveBeamID,CF,SymbolRate,RXvoltage,ElevationOffset,LowBand_LO,HighBand_LO,BUC_LO,temperature,cpuUsage,forwardModcod,uptime,ESN0,ReceivePower
2020-08-06T00:20:43,MDM-1,Newtec MDM3x00 modem. Software version: 4.3.1.7. Hardware identifier: NTC/2254.AA,00:06:39:8a:07:af,1,Beam1,SN1,vno,11,12875000000,20000000,off,0.0,11300000000,0,14300000000,42.0,24.76875642343268,8,246801280,6.0,-43.79999923706055
2020-08-06T00:21:21,MDM-9_5000,Newtec MDM5000 modem. Software version: 4.3.1.7. Hardware identifier: NTC/2359.AA,00:06:39:08:f6:c2,1,Beam1,SN1,vno,11,12875000000,20000000,off,0.0,11300000000,0,14300000000,63.0,11.93455245428297,9,246502480,6.0,-39.0
time,modem name,modemType,macaddress,HPS,beamName,satnetName,VNO,ActiveBeamID,CF,SymbolRate,RXvoltage,ElevationOffset,LowBand_LO,HighBand_LO,BUC_LO,temperature,cpuUsage,forwardModcod,uptime,ESN0,ReceivePower
time,modem name,modemType,macaddress,HPS,beamName,satnetName,VNO,ActiveBeamID,CF,SymbolRate,RXvoltage,ElevationOffset,LowBand_LO,HighBand_LO,BUC_LO,temperature,cpuUsage,forwardModcod,uptime,ESN0,ReceivePower
time,modem name,modemType,macaddress,HPS,beamName,satnetName,VNO,ActiveBeamID,CF,SymbolRate,RXvoltage,ElevationOffset,LowBand_LO,HighBand_LO,BUC_LO,temperature,cpuUsage,forwardModcod,uptime,ESN0,ReceivePower
2020-08-06T01:06:59,MDM-1,Newtec MDM3x00 modem. Software version: 4.3.1.7. Hardware identifier: NTC/2254.AA,00:06:39:8a:07:af,1,Beam1,SN1,vno,11,12875000000,20000000,off,0.0,11300000000,0,14300000000,42.0,30.0,8,247079424,6.0,-43.90000152587891
2020-08-06T01:07:37,MDM-9_5000,Newtec MDM5000 modem. Software version: 4.3.1.7. Hardware identifier: NTC/2359.AA,00:06:39:08:f6:c2,1,Beam1,SN1,vno,11,12875000000,20000000,off,0.0,11300000000,0,14300000000,63.0,13.50574712643678,9,246778768,6.099999904632568,-39.09999847412109
time,modem name,modemType,macaddress,HPS,beamName,satnetName,VNO,ActiveBeamID,CF,SymbolRate,RXvoltage,ElevationOffset,LowBand_LO,HighBand_LO,BUC_LO,temperature,cpuUsage,forwardModcod,uptime,ESN0,ReceivePower
2020-08-06T01:10:43,MDM-1,Newtec MDM3x00 modem. Software version: 4.3.1.7. Hardware identifier: NTC/2254.AA,00:06:39:8a:07:af,1,Beam1,SN1,vno,11,12875000000,20000000,off,0.0,11300000000,0,14300000000,42.0,18.3991683991684,8,247103152,6.0,-43.90000152587891
2020-08-06T01:11:36,MDM-9_5000,Newtec MDM5000 modem. Software version: 4.3.1.7. Hardware identifier: NTC/2359.AA,00:06:39:08:f6:c2,1,Beam1,SN1,vno,11,12875000000,20000000,off,0.0,11300000000,0,14300000000,63.0,10.51108968177435,9,246803600,6.099999904632568,-39.09999847412109
time,modem name,modemType,macaddress,HPS,beamName,satnetName,VNO,ActiveBeamID,CF,SymbolRate,RXvoltage,ElevationOffset,LowBand_LO,HighBand_LO,BUC_LO,temperature,cpuUsage,forwardModcod,uptime,ESN0,ReceivePower
2020-08-06T01:13:25,MDM-1,Newtec MDM3x00 modem. Software version: 4.3.1.7. Hardware identifier: NTC/2254.AA,00:06:39:8a:07:af,1,Beam1,SN1,vno,11,12875000000,20000000,off,0.0,11300000000,0,14300000000,41.0,20.44025157232705,8,247119296,6.0,-43.79999923706055
2020-08-06T01:14:39,MDM-9_5000,Newtec MDM5000 modem. Software version: 4.3.1.7. Hardware identifier: NTC/2359.AA,00:06:39:08:f6:c2,1,Beam1,SN1,vno,11,12875000000,20000000,off,0.0,11300000000,0,14300000000,63.0,11.1969111969112,9,246821024,6.0,-38.79999923706055
time,modem name,modemType,macaddress,HPS,beamName,satnetName,VNO,ActiveBeamID,CF,SymbolRate,RXvoltage,ElevationOffset,LowBand_LO,HighBand_LO,BUC_LO,temperature,cpuUsage,forwardModcod,uptime,ESN0,ReceivePower
2020-08-06T01:17:17,MDM-1,Newtec MDM3x00 modem. Software version: 4.3.1.7. Hardware identifier: NTC/2254.AA,00:06:39:8a:07:af,1,Beam1,SN1,vno,11,12875000000,20000000,off,0.0,11300000000,0,14300000000,41.0,17.45379876796715,8,247146880,6.0,-43.90000152587891
2020-08-06T01:19:07,MDM-9_5000,Newtec MDM5000 modem. Software version: 4.3.1.7. Hardware identifier: NTC/2359.AA,00:06:39:08:f6:c2,1,Beam1,SN1,vno,11,12875000000,20000000,off,0.0,11300000000,0,14300000000,63.0,10.20211742059673,9,246848608,6.099999904632568,-39.0
time,modem name,modemType,macaddress,HPS,beamName,satnetName,VNO,ActiveBeamID,CF,SymbolRate,RXvoltage,ElevationOffset,LowBand_LO,HighBand_LO,BUC_LO,temperature,cpuUsage,forwardModcod,uptime,ESN0,ReceivePower
2020-08-06T01:39:57,MDM01,Newtec MDM3x00 modem. Software version: 4.2.0.21. Hardware identifier: NTC/2254.AA,00:06:39:8a:1a:01,1,Beam02,SN-02,test-VNO,3,12500000000,30000000,off,0.0,11300000000,0,12800000000,44.0,13.91752577319588,26,307805472,18.10000038146973,-45.40000152587891
2020-08-06T01:40:43,MDM04,Newtec MDM3x00 modem. Software version: 4.2.0.21. Hardware identifier: NTC/2254.AA,00:06:39:8a:19:fa,1,Beam02,SN-02,test-VNO,4,12500000000,30000000,off,0.0,11300000000,0,12800000000,41.0,17.79081133919844,26,315324032,18.10000038146973,-45.20000076293945
time,modem name,modemType,macaddress,HPS,beamName,satnetName,VNO,ActiveBeamID,CF,SymbolRate,RXvoltage,ElevationOffset,LowBand_LO,HighBand_LO,BUC_LO,temperature,cpuUsage,forwardModcod,uptime,ESN0,ReceivePower
2020-08-06T01:42:06,MDM01,Newtec MDM3x00 modem. Software version: 4.2.0.21. Hardware identifier: NTC/2254.AA,00:06:39:8a:1a:01,1,Beam02,SN-02,test-VNO,3,12500000000,30000000,off,0.0,11300000000,0,12800000000,44.0,15.20408163265306,26,307818272,18.0,-45.40000152587891
2020-08-06T01:42:49,MDM04,Newtec MDM3x00 modem. Software version: 4.2.0.21. Hardware identifier: NTC/2254.AA,00:06:39:8a:19:fa,1,Beam02,SN-02,test-VNO,4,12500000000,30000000,off,0.0,11300000000,0,12800000000,41.0,15.56224899598394,26,315336224,18.10000038146973,-45.20000076293945
2020-08-06T01:43:28,MDM02,Newtec MDM2510 modem. Software version: 4.2.0.19. Hardware identifier: NTC/2499.AA,00:06:39:8b:6f:80,1,Beam02,SN-02,test-VNO,3,12500000000,30000000,off,0.0,11300000000,0,12800000000,48.40000152587891,12.98828125,26,194678880,18.0,-53.29999923706055
2020-08-06T01:44:12,MDM03,Newtec SMB/MDM3310 modem. Software version: 4.2.0.19. Hardware identifier: NTC/2354.AA,00:06:39:8b:1f:fc,1,Beam02,SN-02,test-VNO,3,12500000000,30000000,off,0.0,11300000000,0,12800000000,49.0,12.77013752455796,26,194474240,18.0,-53.20000076293945
2020-08-06T01:44:54,MDM05,Newtec MDM2510 modem. Software version: 4.2.0.19. Hardware identifier: NTC/2499.AA,00:06:39:8b:71:b0,1,Beam02,SN-02,test-VNO,3,12500000000,30000000,off,0.0,11300000000,0,12800000000,44.79999923706055,12.81800391389432,26,194687376,18.10000038146973,-53.29999923706055
2020-08-06T01:45:37,MDM06,Newtec SMB/MDM3310 modem. Software version: 4.2.0.19. Hardware identifier: NTC/2354.AA,00:06:39:8b:08:c5,1,Beam02,SN-02,test-VNO,3,12500000000,30000000,off,0.0,11300000000,0,12800000000,45.0,12.37721021611002,26,194615232,17.89999961853027,-51.70000076293945
time,modem name,modemType,macaddress,HPS,beamName,satnetName,VNO,ActiveBeamID,CF,SymbolRate,RXvoltage,ElevationOffset,LowBand_LO,HighBand_LO,BUC_LO,temperature,cpuUsage,forwardModcod,uptime,ESN0,ReceivePower
2020-08-06T01:51:50,MDM01,Newtec MDM3x00 modem. Software version: 4.2.0.21. Hardware identifier: NTC/2254.AA,00:06:39:8a:1a:01,1,Beam02,SN-02,test-VNO,3,12500000000,30000000,off,0.0,11300000000,0,12800000000,44.0,14.31513903192585,26,307876608,18.10000038146973,-45.40000152587891
2020-08-06T01:52:30,MDM04,Newtec MDM3x00 modem. Software version: 4.2.0.21. Hardware identifier: NTC/2254.AA,00:06:39:8a:19:fa,1,Beam02,SN-02,test-VNO,4,12500000000,30000000,off,0.0,11300000000,0,12800000000,41.0,14.5769622833843,26,315394400,18.10000038146973,-45.20000076293945
2020-08-06T01:53:12,MDM02,Newtec MDM2510 modem. Software version: 4.2.0.19. Hardware identifier: NTC/2499.AA,00:06:39:8b:6f:80,1,Beam02,SN-02,test-VNO,3,12500000000,30000000,off,0.0,11300000000,0,12800000000,48.59999847412109,13.6986301369863,26,194737408,18.10000038146973,-53.29999923706055
2020-08-06T01:53:56,MDM03,Newtec SMB/MDM3310 modem. Software version: 4.2.0.19. Hardware identifier: NTC/2354.AA,00:06:39:8b:1f:fc,1,Beam02,SN-02,test-VNO,3,12500000000,30000000,off,0.0,11300000000,0,12800000000,49.0,12.00787401574803,26,194532768,17.89999961853027,-53.20000076293945
2020-08-06T01:54:43,MDM05,Newtec MDM2510 modem. Software version: 4.2.0.19. Hardware identifier: NTC/2499.AA,00:06:39:8b:71:b0,1,Beam02,SN-02,test-VNO,3,12500000000,30000000,off,0.0,11300000000,0,12800000000,44.79999923706055,13.90793339862879,26,194746096,18.10000038146973,-53.29999923706055
2020-08-06T01:55:25,MDM06,Newtec SMB/MDM3310 modem. Software version: 4.2.0.19. Hardware identifier: NTC/2354.AA,00:06:39:8b:08:c5,1,Beam02,SN-02,test-VNO,3,12500000000,30000000,off,0.0,11300000000,0,12800000000,45.0,11.57998037291462,26,194673984,18.0,-51.59999847412109
time,modem name,modemType,macaddress,HPS,beamName,satnetName,VNO,ActiveBeamID,CF,SymbolRate,RXvoltage,ElevationOffset,LowBand_LO,HighBand_LO,BUC_LO,temperature,cpuUsage,forwardModcod,uptime,ESN0,ReceivePower
2020-08-06T01:56:41,MDM01,Newtec MDM3x00 modem. Software version: 4.2.0.21. Hardware identifier: NTC/2254.AA,00:06:39:8a:1a:01,1,Beam02,SN-02,test-VNO,3,12500000000,30000000,off,0.0,11300000000,0,12800000000,44.0,14.56410256410256,26,307905664,18.0,-45.40000152587891
2020-08-06T01:57:23,MDM04,Newtec MDM3x00 modem. Software version: 4.2.0.21. Hardware identifier: NTC/2254.AA,00:06:39:8a:19:fa,1,Beam02,SN-02,test-VNO,4,12500000000,30000000,off,0.0,11300000000,0,12800000000,41.0,17.6930596285435,26,315423776,18.10000038146973,-45.20000076293945
2020-08-06T01:58:06,MDM02,Newtec MDM2510 modem. Software version: 4.2.0.19. Hardware identifier: NTC/2499.AA,00:06:39:8b:6f:80,1,Beam02,SN-02,test-VNO,3,12500000000,30000000,off,0.0,11300000000,0,12800000000,48.40000152587891,13.61410381978453,26,194766832,18.0,-53.29999923706055
2020-08-06T01:58:48,MDM03,Newtec SMB/MDM3310 modem. Software version: 4.2.0.19. Hardware identifier: NTC/2354.AA,00:06:39:8b:1f:fc,1,Beam02,SN-02,test-VNO,3,12500000000,30000000,off,0.0,11300000000,0,12800000000,49.0,12.5,26,194562144,18.0,-53.20000076293945
2020-08-06T01:59:31,MDM05,Newtec MDM2510 modem. Software version: 4.2.0.19. Hardware identifier: NTC/2499.AA,00:06:39:8b:71:b0,1,Beam02,SN-02,test-VNO,3,12500000000,30000000,off,0.0,11300000000,0,12800000000,44.59999847412109,14.14634146341463,26,194774912,18.0,-53.29999923706055
2020-08-06T02:00:12,MDM06,Newtec SMB/MDM3310 modem. Software version: 4.2.0.19. Hardware identifier: NTC/2354.AA,00:06:39:8b:08:c5,1,Beam02,SN-02,test-VNO,3,12500000000,30000000,off,0.0,11300000000,0,12800000000,45.0,11.71259842519685,26,194702784,18.0,-51.70000076293945
time,modem name,modemType,macaddress,HPS,beamName,satnetName,VNO,ActiveBeamID,CF,SymbolRate,RXvoltage,ElevationOffset,LowBand_LO,HighBand_LO,BUC_LO,temperature,cpuUsage,forwardModcod,uptime,ESN0,ReceivePower
2020-08-06T02:04:49,MDM01,Newtec MDM3x00 modem. Software version: 4.2.0.21. Hardware identifier: NTC/2254.AA,00:06:39:8a:1a:01,1,Beam02,SN-02,test-VNO,3,12500000000,30000000,off,0.0,11300000000,0,12800000000,44.0,17.8394449950446,26,307954112,18.10000038146973,-45.40000152587891
2020-08-06T02:05:31,MDM04,Newtec MDM3x00 modem. Software version: 4.2.0.21. Hardware identifier: NTC/2254.AA,00:06:39:8a:19:fa,1,Beam02,SN-02,test-VNO,4,12500000000,30000000,off,0.0,11300000000,0,12800000000,41.0,14.08163265306122,26,315472736,18.10000038146973,-45.20000076293945
2020-08-06T02:06:19,MDM02,Newtec MDM2510 modem. Software version: 4.2.0.19. Hardware identifier: NTC/2499.AA,00:06:39:8b:6f:80,1,Beam02,SN-02,test-VNO,3,12500000000,30000000,off,0.0,11300000000,0,12800000000,48.40000152587891,12.84313725490196,26,194815856,18.0,-53.29999923706055
2020-08-06T02:07:06,MDM03,Newtec SMB/MDM3310 modem. Software version: 4.2.0.19. Hardware identifier: NTC/2354.AA,00:06:39:8b:1f:fc,1,Beam02,SN-02,test-VNO,3,12500000000,30000000,off,0.0,11300000000,0,12800000000,49.0,12.01970443349754,26,194611600,18.0,-53.20000076293945
2020-08-06T02:08:04,MDM05,Newtec MDM2510 modem. Software version: 4.2.0.19. Hardware identifier: NTC/2499.AA,00:06:39:8b:71:b0,1,Beam02,SN-02,test-VNO,3,12500000000,30000000,off,0.0,11300000000,0,12800000000,44.59999847412109,11.66666666666667,26,194827680,18.0,-53.29999923706055
2020-08-06T02:09:03,MDM06,Newtec SMB/MDM3310 modem. Software version: 4.2.0.19. Hardware identifier: NTC/2354.AA,00:06:39:8b:08:c5,1,Beam02,SN-02,test-VNO,3,12500000000,30000000,off,0.0,11300000000,0,12800000000,45.0,12.10629921259842,26,194757168,18.0,-51.70000076293945
time,modem name,modemType,macaddress,HPS,beamName,satnetName,VNO,ActiveBeamID,CF,SymbolRate,RXvoltage,ElevationOffset,LowBand_LO,HighBand_LO,BUC_LO,temperature,cpuUsage,forwardModcod,uptime,ESN0,ReceivePower
2020-08-06T02:13:38,MDM01,Newtec MDM3x00 modem. Software version: 4.2.0.21. Hardware identifier: NTC/2254.AA,00:06:39:8a:1a:01,1,Beam02,SN-02,test-VNO,3,12500000000,30000000,off,0.0,11300000000,0,12800000000,44.0,15.55783009211873,26,308007680,18.0,-45.40000152587891
2020-08-06T02:14:26,MDM04,Newtec MDM3x00 modem. Software version: 4.2.0.21. Hardware identifier: NTC/2254.AA,00:06:39:8a:19:fa,1,Beam02,SN-02,test-VNO,4,12500000000,30000000,off,0.0,11300000000,0,12800000000,41.0,14.48834853090172,26,315526784,18.10000038146973,-45.20000076293945
2020-08-06T02:15:15,MDM02,Newtec MDM2510 modem. Software version: 4.2.0.19. Hardware identifier: NTC/2499.AA,00:06:39:8b:6f:80,1,Beam02,SN-02,test-VNO,3,12500000000,30000000,off,0.0,11300000000,0,12800000000,48.40000152587891,13.19648093841642,26,194870432,18.0,-53.29999923706055
time,modem name,modemType,macaddress,HPS,beamName,satnetName,VNO,ActiveBeamID,CF,SymbolRate,RXvoltage,ElevationOffset,LowBand_LO,HighBand_LO,BUC_LO,temperature,cpuUsage,forwardModcod,uptime,ESN0,ReceivePower
time,modem name,modemType,macaddress,HPS,beamName,satnetName,VNO,ActiveBeamID,CF,SymbolRate,RXvoltage,ElevationOffset,LowBand_LO,HighBand_LO,BUC_LO,temperature,cpuUsage,forwardModcod,uptime,ESN0,ReceivePower
time,modem name,modemType,macaddress,HPS,beamName,satnetName,VNO,ActiveBeamID,CF,SymbolRate,RXvoltage,ElevationOffset,LowBand_LO,HighBand_LO,BUC_LO,temperature,cpuUsage,forwardModcod,uptime,ESN0,ReceivePower
time,modem name,modemType,macaddress,HPS,beamName,satnetName,VNO,ActiveBeamID,CF,SymbolRate,RXvoltage,ElevationOffset,LowBand_LO,HighBand_LO,BUC_LO,temperature,cpuUsage,forwardModcod,uptime,ESN0,ReceivePower
time,modem name,modemType,macaddress,HPS,beamName,satnetName,VNO,ActiveBeamID,CF,SymbolRate,RXvoltage,ElevationOffset,LowBand_LO,HighBand_LO,BUC_LO,temperature,cpuUsage,forwardModcod,uptime,ESN0,ReceivePower
time,modem name,modemType,macaddress,HPS,beamName,satnetName,VNO,ActiveBeamID,CF,SymbolRate,RXvoltage,ElevationOffset,LowBand_LO,HighBand_LO,BUC_LO,temperature,cpuUsage,forwardModcod,uptime,ESN0,ReceivePower
time,modem name,modemType,macaddress,HPS,beamName,satnetName,VNO,ActiveBeamID,CF,SymbolRate,RXvoltage,ElevationOffset,LowBand_LO,HighBand_LO,BUC_LO,temperature,cpuUsage,forwardModcod,uptime,ESN0,ReceivePower
time,modem name,modemType,macaddress,HPS,beamName,satnetName,VNO,ActiveBeamID,CF,SymbolRate,RXvoltage,ElevationOffset,LowBand_LO,HighBand_LO,BUC_LO,temperature,cpuUsage,forwardModcod,uptime,ESN0,ReceivePower
time,modem name,modemType,macaddress,HPS,beamName,satnetName,VNO,ActiveBeamID,CF,SymbolRate,RXvoltage,ElevationOffset,LowBand_LO,HighBand_LO,BUC_LO,temperature,cpuUsage,forwardModcod,uptime,ESN0,ReceivePower
time,modem name,modemType,macaddress,HPS,beamName,satnetName,VNO,ActiveBeamID,CF,SymbolRate,RXvoltage,ElevationOffset,LowBand_LO,HighBand_LO,BUC_LO,temperature,cpuUsage,forwardModcod,uptime,ESN0,ReceivePower
time,modem name,modemType,macaddress,HPS,beamName,satnetName,VNO,ActiveBeamID,CF,SymbolRate,RXvoltage,ElevationOffset,LowBand_LO,HighBand_LO,BUC_LO,temperature,cpuUsage,forwardModcod,uptime,ESN0,ReceivePower
time,modem name,modemType,macaddress,HPS,beamName,satnetName,VNO,ActiveBeamID,CF,SymbolRate,RXvoltage,ElevationOffset,LowBand_LO,HighBand_LO,BUC_LO,temperature,cpuUsage,forwardModcod,uptime,ESN0,ReceivePower
time,modem name,modemType,macaddress,HPS,beamName,satnetName,VNO,ActiveBeamID,CF,SymbolRate,RXvoltage,ElevationOffset,LowBand_LO,HighBand_LO,BUC_LO,temperature,cpuUsage,forwardModcod,uptime,ESN0,ReceivePower
time,modem name,modemType,macaddress,HPS,beamName,satnetName,VNO,ActiveBeamID,CF,SymbolRate,RXvoltage,ElevationOffset,LowBand_LO,HighBand_LO,BUC_LO,temperature,cpuUsage,forwardModcod,uptime,ESN0,ReceivePower
time,modem name,modemType,macaddress,HPS,beamName,satnetName,VNO,ActiveBeamID,CF,SymbolRate,RXvoltage,ElevationOffset,LowBand_LO,HighBand_LO,BUC_LO,temperature,cpuUsage,forwardModcod,uptime,ESN0,ReceivePower
2020-08-06T04:20:00,MDM01,Newtec MDM3x00 modem. Software version: 4.2.0.21. Hardware identifier: NTC/2254.AA,00:06:39:8a:1a:01,1,Beam02,SN-02,test-VNO,3,12500000000,30000000,off,0.0,11300000000,0,12800000000,44.0,21.43514259429623,26,308772224,18.10000038146973,-45.40000152587891
2020-08-06T04:21:51,MDM04,Newtec MDM3x00 modem. Software version: 4.2.0.21. Hardware identifier: NTC/2254.AA,00:06:39:8a:19:fa,1,Beam02,SN-02,test-VNO,4,12500000000,30000000,off,0.0,11300000000,0,12800000000,41.0,15.54663991975928,26,316291520,18.10000038146973,-45.20000076293945
2020-08-06T04:22:45,MDM02,Newtec MDM2510 modem. Software version: 4.2.0.19. Hardware identifier: NTC/2499.AA,00:06:39:8b:6f:80,1,Beam02,SN-02,test-VNO,3,12500000000,30000000,off,0.0,11300000000,0,12800000000,48.20000076293945,12.39024390243902,26,195634688,18.0,-53.40000152587891
2020-08-06T04:23:33,MDM03,Newtec SMB/MDM3310 modem. Software version: 4.2.0.19. Hardware identifier: NTC/2354.AA,00:06:39:8b:1f:fc,1,Beam02,SN-02,test-VNO,3,12500000000,30000000,off,0.0,11300000000,0,12800000000,49.0,11.73570019723866,26,195430928,18.0,-53.20000076293945
2020-08-06T04:24:23,MDM05,Newtec MDM2510 modem. Software version: 4.2.0.19. Hardware identifier: NTC/2499.AA,00:06:39:8b:71:b0,1,Beam02,SN-02,test-VNO,3,12500000000,30000000,off,0.0,11300000000,0,12800000000,44.40000152587891,13.23529411764706,26,195644512,18.0,-53.29999923706055
2020-08-06T04:25:14,MDM06,Newtec SMB/MDM3310 modem. Software version: 4.2.0.19. Hardware identifier: NTC/2354.AA,00:06:39:8b:08:c5,1,Beam02,SN-02,test-VNO,3,12500000000,30000000,off,0.0,11300000000,0,12800000000,45.0,12.20472440944882,26,195573312,17.89999961853027,-51.70000076293945
time,modem name,modemType,macaddress,HPS,beamName,satnetName,VNO,ActiveBeamID,CF,SymbolRate,RXvoltage,ElevationOffset,LowBand_LO,HighBand_LO,BUC_LO,temperature,cpuUsage,forwardModcod,uptime,ESN0,ReceivePower
2020-08-06T05:13:56,MDM01,Newtec MDM3x00 modem. Software version: 4.2.0.21. Hardware identifier: NTC/2254.AA,00:06:39:8a:1a:01,1,Beam02,SN-02,test-VNO,3,12500000000,30000000,off,0.0,11300000000,0,12800000000,44.0,15.68431568431568,26,309089184,18.0,-45.40000152587891
2020-08-06T05:14:47,MDM04,Newtec MDM3x00 modem. Software version: 4.2.0.21. Hardware identifier: NTC/2254.AA,00:06:39:8a:19:fa,1,Beam02,SN-02,test-VNO,4,12500000000,30000000,off,0.0,11300000000,0,12800000000,41.0,12.43523316062176,26,316608640,18.20000076293945,-45.20000076293945
2020-08-06T05:15:42,MDM02,Newtec MDM2510 modem. Software version: 4.2.0.19. Hardware identifier: NTC/2499.AA,00:06:39:8b:6f:80,1,Beam02,SN-02,test-VNO,3,12500000000,30000000,off,0.0,11300000000,0,12800000000,48.40000152587891,14.0625,26,195951920,18.10000038146973,-53.29999923706055
2020-08-06T05:16:25,MDM03,Newtec SMB/MDM3310 modem. Software version: 4.2.0.19. Hardware identifier: NTC/2354.AA,00:06:39:8b:1f:fc,1,Beam02,SN-02,test-VNO,3,12500000000,30000000,off,0.0,11300000000,0,12800000000,49.0,11.89773844641101,26,195749184,18.0,-53.20000076293945
2020-08-06T05:17:26,MDM05,Newtec MDM2510 modem. Software version: 4.2.0.19. Hardware identifier: NTC/2499.AA,00:06:39:8b:71:b0,1,Beam02,SN-02,test-VNO,3,12500000000,30000000,off,0.0,11300000000,0,12800000000,44.59999847412109,13.19648093841642,26,195963008,18.0,-53.20000076293945
2020-08-06T05:18:16,MDM06,Newtec SMB/MDM3310 modem. Software version: 4.2.0.19. Hardware identifier: NTC/2354.AA,00:06:39:8b:08:c5,1,Beam02,SN-02,test-VNO,3,12500000000,30000000,off,0.0,11300000000,0,12800000000,45.0,12.31527093596059,26,195891120,17.79999923706055,-51.59999847412109
time,modem name,modemType,macaddress,HPS,beamName,satnetName,VNO,ActiveBeamID,CF,SymbolRate,RXvoltage,ElevationOffset,LowBand_LO,HighBand_LO,BUC_LO,temperature,cpuUsage,forwardModcod,uptime,ESN0,ReceivePower
2020-08-06T05:25:12,MDM01,Newtec MDM3x00 modem. Software version: 4.2.0.21. Hardware identifier: NTC/2254.AA,00:06:39:8a:1a:01,1,Beam02,SN-02,test-VNO,3,12500000000,30000000,off,0.0,11300000000,0,12800000000,44.0,12.24279835390946,26,309157696,18.0,-45.40000152587891
time,modem name,modemType,macaddress,HPS,beamName,satnetName,VNO,ActiveBeamID,CF,SymbolRate,RXvoltage,ElevationOffset,LowBand_LO,HighBand_LO,BUC_LO,temperature,cpuUsage,forwardModcod,uptime,ESN0,ReceivePower
2020-08-06T05:27:02,MDM01,Newtec MDM3x00 modem. Software version: 4.2.0.21. Hardware identifier: NTC/2254.AA,00:06:39:8a:1a:01,1,Beam02,SN-02,test-VNO,3,12500000000,30000000,off,0.0,11300000000,0,12800000000,44.0,13.347022587269,26,309168128,18.0,-45.40000152587891
2020-08-06T05:28:01,MDM04,Newtec MDM3x00 modem. Software version: 4.2.0.21. Hardware identifier: NTC/2254.AA,00:06:39:8a:19:fa,1,Beam02,SN-02,test-VNO,4,12500000000,30000000,off,0.0,11300000000,0,12800000000,41.0,22.11981566820277,26,316687584,18.10000038146973,-45.20000076293945
2020-08-06T05:29:00,MDM02,Newtec MDM2510 modem. Software version: 4.2.0.19. Hardware identifier: NTC/2499.AA,00:06:39:8b:6f:80,1,Beam02,SN-02,test-VNO,3,12500000000,30000000,off,0.0,11300000000,0,12800000000,48.40000152587891,15.29411764705882,26,196032816,18.0,-53.29999923706055
2020-08-06T05:29:55,MDM03,Newtec SMB/MDM3310 modem. Software version: 4.2.0.19. Hardware identifier: NTC/2354.AA,00:06:39:8b:1f:fc,1,Beam02,SN-02,test-VNO,3,12500000000,30000000,off,0.0,11300000000,0,12800000000,50.0,12.31527093596059,26,195829232,17.89999961853027,-53.20000076293945
time,modem name,modemType,macaddress,HPS,beamName,satnetName,VNO,ActiveBeamID,CF,SymbolRate,RXvoltage,ElevationOffset,LowBand_LO,HighBand_LO,BUC_LO,temperature,cpuUsage,forwardModcod,uptime,ESN0,ReceivePower
2020-08-06T05:31:28,MDM01,Newtec MDM3x00 modem. Software version: 4.2.0.21. Hardware identifier: NTC/2254.AA,00:06:39:8a:1a:01,1,Beam02,SN-02,test-VNO,3,12500000000,30000000,off,0.0,11300000000,0,12800000000,44.0,12.53886010362694,26,309194944,18.10000038146973,-45.40000152587891
time,modem name,modemType,macaddress,HPS,beamName,satnetName,VNO,ActiveBeamID,CF,SymbolRate,RXvoltage,ElevationOffset,LowBand_LO,HighBand_LO,BUC_LO,temperature,cpuUsage,forwardModcod,uptime,ESN0,ReceivePower
time,modem name,modemType,macaddress,HPS,beamName,satnetName,VNO,ActiveBeamID,CF,SymbolRate,RXvoltage,ElevationOffset,LowBand_LO,HighBand_LO,BUC_LO,temperature,cpuUsage,forwardModcod,uptime,ESN0,ReceivePower
time,modem name,modemType,macaddress,HPS,beamName,satnetName,VNO,ActiveBeamID,CF,SymbolRate,RXvoltage,ElevationOffset,LowBand_LO,HighBand_LO,BUC_LO,temperature,cpuUsage,forwardModcod,uptime,ESN0,ReceivePower
2020-08-06T05:42:15,MDM01,Newtec MDM3x00 modem. Software version: 4.2.0.21. Hardware identifier: NTC/2254.AA,00:06:39:8a:1a:01,1,Beam02,SN-02,test-VNO,3,12500000000,30000000,off,0.0,11300000000,0,12800000000,44.0,13.78238341968912,26,309259264,17.89999961853027,-45.40000152587891
2020-08-06T05:43:06,MDM04,Newtec MDM3x00 modem. Software version: 4.2.0.21. Hardware identifier: NTC/2254.AA,00:06:39:8a:19:fa,1,Beam02,SN-02,test-VNO,4,12500000000,30000000,off,0.0,11300000000,0,12800000000,41.0,13.22314049586777,26,316778240,18.10000038146973,-45.20000076293945
2020-08-06T05:43:59,MDM02,Newtec MDM2510 modem. Software version: 4.2.0.19. Hardware identifier: NTC/2499.AA,00:06:39:8b:6f:80,1,Beam02,SN-02,test-VNO,3,12500000000,30000000,off,0.0,11300000000,0,12800000000,48.59999847412109,27.17497556207233,26,196121920,18.0,-53.40000152587891
2020-08-06T05:44:54,MDM03,Newtec SMB/MDM3310 modem. Software version: 4.2.0.19. Hardware identifier: NTC/2354.AA,00:06:39:8b:1f:fc,1,Beam02,SN-02,test-VNO,3,12500000000,30000000,off,0.0,11300000000,0,12800000000,49.0,13.34641805691855,26,195918944,18.0,-53.20000076293945
2020-08-06T05:45:47,MDM05,Newtec MDM2510 modem. Software version: 4.2.0.19. Hardware identifier: NTC/2499.AA,00:06:39:8b:71:b0,1,Beam02,SN-02,test-VNO,3,12500000000,30000000,off,0.0,11300000000,0,12800000000,44.79999923706055,13.61410381978453,26,196132832,18.10000038146973,-53.29999923706055
2020-08-06T05:46:44,MDM06,Newtec SMB/MDM3310 modem. Software version: 4.2.0.19. Hardware identifier: NTC/2354.AA,00:06:39:8b:08:c5,1,Beam02,SN-02,test-VNO,3,12500000000,30000000,off,0.0,11300000000,0,12800000000,45.0,11.01278269419862,26,196062176,17.89999961853027,-51.59999847412109
time,modem name,modemType,macaddress,HPS,beamName,satnetName,VNO,ActiveBeamID,CF,SymbolRate,RXvoltage,ElevationOffset,LowBand_LO,HighBand_LO,BUC_LO,temperature,cpuUsage,forwardModcod,uptime,ESN0,ReceivePower
time,modem name,modemType,macaddress,HPS,beamName,satnetName,VNO,ActiveBeamID,CF,SymbolRate,RXvoltage,ElevationOffset,LowBand_LO,HighBand_LO,BUC_LO,temperature,cpuUsage,forwardModcod,uptime,ESN0,ReceivePower
time,modem name,modemType,macaddress,HPS,beamName,satnetName,VNO,ActiveBeamID,CF,SymbolRate,RXvoltage,ElevationOffset,LowBand_LO,HighBand_LO,BUC_LO,temperature,cpuUsage,forwardModcod,uptime,ESN0,ReceivePower
time,modem name,modemType,macaddress,HPS,beamName,satnetName,VNO,ActiveBeamID,CF,SymbolRate,RXvoltage,ElevationOffset,LowBand_LO,HighBand_LO,BUC_LO,temperature,cpuUsage,forwardModcod,uptime,ESN0,ReceivePower
time,modem name,modemType,macaddress,HPS,beamName,satnetName,VNO,ActiveBeamID,CF,SymbolRate,RXvoltage,ElevationOffset,LowBand_LO,HighBand_LO,BUC_LO,temperature,cpuUsage,forwardModcod,uptime,ESN0,ReceivePower
2020-08-06T06:08:27,MDM01,Newtec MDM3x00 modem. Software version: 4.2.0.21. Hardware identifier: NTC/2254.AA,00:06:39:8a:1a:01,1,Beam02,SN-02,test-VNO,3,12500000000,30000000,off,0.0,11300000000,0,12800000000,45.0,16.85279187817259,26,309416384,18.10000038146973,-45.40000152587891
time,modem name,modemType,macaddress,HPS,beamName,satnetName,VNO,ActiveBeamID,CF,SymbolRate,RXvoltage,ElevationOffset,LowBand_LO,HighBand_LO,BUC_LO,temperature,cpuUsage,forwardModcod,uptime,ESN0,ReceivePower
time,modem name,modemType,macaddress,HPS,beamName,satnetName,VNO,ActiveBeamID,CF,SymbolRate,RXvoltage,ElevationOffset,LowBand_LO,HighBand_LO,BUC_LO,temperature,cpuUsage,forwardModcod,uptime,ESN0,ReceivePower
2020-08-06T06:21:18,MDM01,Newtec MDM3x00 modem. Software version: 4.2.0.21. Hardware identifier: NTC/2254.AA,00:06:39:8a:1a:01,1,Beam02,SN-02,test-VNO,3,12500000000,30000000,off,0.0,11300000000,0,12800000000,44.0,14.96388028895769,26,309493632,18.10000038146973,-45.40000152587891
time,modem name,modemType,macaddress,HPS,beamName,satnetName,VNO,ActiveBeamID,CF,SymbolRate,RXvoltage,ElevationOffset,LowBand_LO,HighBand_LO,BUC_LO,temperature,cpuUsage,forwardModcod,uptime,ESN0,ReceivePower
time,modem name,modemType,macaddress,HPS,beamName,satnetName,VNO,ActiveBeamID,CF,SymbolRate,RXvoltage,ElevationOffset,LowBand_LO,HighBand_LO,BUC_LO,temperature,cpuUsage,forwardModcod,uptime,ESN0,ReceivePower
2020-08-06T06:29:15,MDM01,Newtec MDM3x00 modem. Software version: 4.2.0.21. Hardware identifier: NTC/2254.AA,00:06:39:8a:1a:01,1,Beam02,SN-02,test-VNO,3,12500000000,30000000,off,0.0,11300000000,0,12800000000,45.0,16.34320735444331,26,309541312,18.10000038146973,-45.40000152587891
2020-08-06T06:30:07,MDM04,Newtec MDM3x00 modem. Software version: 4.2.0.21. Hardware identifier: NTC/2254.AA,00:06:39:8a:19:fa,1,Beam02,SN-02,test-VNO,4,12500000000,30000000,off,0.0,11300000000,0,12800000000,41.0,13.33333333333333,26,317060448,18.10000038146973,-45.20000076293945
time,modem name,modemType,macaddress,HPS,beamName,satnetName,VNO,ActiveBeamID,CF,SymbolRate,RXvoltage,ElevationOffset,LowBand_LO,HighBand_LO,BUC_LO,temperature,cpuUsage,forwardModcod,uptime,ESN0,ReceivePower
2020-08-06T06:36:17,MDM01,Newtec MDM3x00 modem. Software version: 4.2.0.21. Hardware identifier: NTC/2254.AA,00:06:39:8a:1a:01,1,Beam02,SN-02,test-VNO,3,12500000000,30000000,off,0.0,11300000000,0,12800000000,45.0,15.37678207739308,26,309584128,18.10000038146973,-45.40000152587891
time,modem name,modemType,macaddress,HPS,beamName,satnetName,VNO,ActiveBeamID,CF,SymbolRate,RXvoltage,ElevationOffset,LowBand_LO,HighBand_LO,BUC_LO,temperature,cpuUsage,forwardModcod,uptime,ESN0,ReceivePower
2020-08-06T06:39:51,MDM01,Newtec MDM3x00 modem. Software version: 4.2.0.21. Hardware identifier: NTC/2254.AA,00:06:39:8a:1a:01,1,Beam02,SN-02,test-VNO,3,12500000000,30000000,off,0.0,11300000000,0,12800000000,45.0,36.31669535283994,26,309605216,18.10000038146973,-45.40000152587891
2020-08-06T06:40:43,MDM04,Newtec MDM3x00 modem. Software version: 4.2.0.21. Hardware identifier: NTC/2254.AA,00:06:39:8a:19:fa,1,Beam02,SN-02,test-VNO,4,12500000000,30000000,off,0.0,11300000000,0,12800000000,42.0,38.54796888504753,26,317124512,18.10000038146973,-45.20000076293945
2020-08-06T06:41:50,MDM02,Newtec MDM2510 modem. Software version: 4.2.0.19. Hardware identifier: NTC/2499.AA,00:06:39:8b:6f:80,1,Beam02,SN-02,test-VNO,3,12500000000,30000000,off,0.0,11300000000,0,12800000000,48.79999923706055,13.32027424094026,26,196469024,18.0,-53.40000152587891
2020-08-06T06:42:34,MDM03,Newtec SMB/MDM3310 modem. Software version: 4.2.0.19. Hardware identifier: NTC/2354.AA,00:06:39:8b:1f:fc,1,Beam02,SN-02,test-VNO,3,12500000000,30000000,off,0.0,11300000000,0,12800000000,50.0,16.12595419847328,26,196264832,17.89999961853027,-53.20000076293945
time,modem name,modemType,macaddress,HPS,beamName,satnetName,VNO,ActiveBeamID,CF,SymbolRate,RXvoltage,ElevationOffset,LowBand_LO,HighBand_LO,BUC_LO,temperature,cpuUsage,forwardModcod,uptime,ESN0,ReceivePower
2020-08-06T06:47:25,MDM01,Newtec MDM3x00 modem. Software version: 4.2.0.21. Hardware identifier: NTC/2254.AA,00:06:39:8a:1a:01,1,Beam02,SN-02,test-VNO,3,12500000000,30000000,off,0.0,11300000000,0,12800000000,45.0,15.94784353059178,26,309649344,18.10000038146973,-45.40000152587891
2020-08-06T06:48:15,MDM04,Newtec MDM3x00 modem. Software version: 4.2.0.21. Hardware identifier: NTC/2254.AA,00:06:39:8a:19:fa,1,Beam02,SN-02,test-VNO,4,12500000000,30000000,off,0.0,11300000000,0,12800000000,42.0,12.68041237113402,26,317168160,18.10000038146973,-45.20000076293945
time,modem name,modemType,macaddress,HPS,beamName,satnetName,VNO,ActiveBeamID,CF,SymbolRate,RXvoltage,ElevationOffset,LowBand_LO,HighBand_LO,BUC_LO,temperature,cpuUsage,forwardModcod,uptime,ESN0,ReceivePower
2020-08-06T06:56:11,MDM01,Newtec MDM3x00 modem. Software version: 4.2.0.21. Hardware identifier: NTC/2254.AA,00:06:39:8a:1a:01,1,Beam02,SN-02,test-VNO,3,12500000000,30000000,off,0.0,11300000000,0,12800000000,45.0,14.4912641315519,26,309701760,18.0,-45.40000152587891
2020-08-06T06:57:01,MDM04,Newtec MDM3x00 modem. Software version: 4.2.0.21. Hardware identifier: NTC/2254.AA,00:06:39:8a:19:fa,1,Beam02,SN-02,test-VNO,4,12500000000,30000000,off,0.0,11300000000,0,12800000000,41.0,14.40080563947634,26,317221216,18.10000038146973,-45.20000076293945
2020-08-06T06:58:07,MDM02,Newtec MDM2510 modem. Software version: 4.2.0.19. Hardware identifier: NTC/2499.AA,00:06:39:8b:6f:80,1,Beam02,SN-02,test-VNO,3,12500000000,30000000,off,0.0,11300000000,0,12800000000,48.79999923706055,12.97560975609756,26,196566528,18.10000038146973,-53.40000152587891
time,modem name,modemType,macaddress,HPS,beamName,satnetName,VNO,ActiveBeamID,CF,SymbolRate,RXvoltage,ElevationOffset,LowBand_LO,HighBand_LO,BUC_LO,temperature,cpuUsage,forwardModcod,uptime,ESN0,ReceivePower
2020-08-06T07:00:08,MDM01,Newtec MDM3x00 modem. Software version: 4.2.0.21. Hardware identifier: NTC/2254.AA,00:06:39:8a:1a:01,1,Beam02,SN-02,test-VNO,3,12500000000,30000000,off,0.0,11300000000,0,12800000000,45.0,13.90319258496396,26,309725440,18.0,-45.40000152587891
2020-08-06T07:00:56,MDM04,Newtec MDM3x00 modem. Software version: 4.2.0.21. Hardware identifier: NTC/2254.AA,00:06:39:8a:19:fa,1,Beam02,SN-02,test-VNO,4,12500000000,30000000,off,0.0,11300000000,0,12800000000,42.0,13.57142857142857,26,317244736,18.20000076293945,-45.20000076293945
2020-08-06T07:01:59,MDM02,Newtec MDM2510 modem. Software version: 4.2.0.19. Hardware identifier: NTC/2499.AA,00:06:39:8b:6f:80,1,Beam02,SN-02,test-VNO,3,12500000000,30000000,off,0.0,11300000000,0,12800000000,48.79999923706055,13.41821743388834,26,196589232,18.10000038146973,-53.40000152587891
2020-08-06T07:02:54,MDM03,Newtec SMB/MDM3310 modem. Software version: 4.2.0.19. Hardware identifier: NTC/2354.AA,00:06:39:8b:1f:fc,1,Beam02,SN-02,test-VNO,3,12500000000,30000000,off,0.0,11300000000,0,12800000000,49.0,12.68436578171092,26,196386208,18.0,-53.20000076293945
2020-08-06T07:03:47,MDM05,Newtec MDM2510 modem. Software version: 4.2.0.19. Hardware identifier: NTC/2499.AA,00:06:39:8b:71:b0,1,Beam02,SN-02,test-VNO,3,12500000000,30000000,off,0.0,11300000000,0,12800000000,45.20000076293945,13.33333333333333,26,196599520,18.20000076293945,-53.29999923706055
2020-08-06T07:04:33,MDM06,Newtec SMB/MDM3310 modem. Software version: 4.2.0.19. Hardware identifier: NTC/2354.AA,00:06:39:8b:08:c5,1,Beam02,SN-02,test-VNO,3,12500000000,30000000,off,0.0,11300000000,0,12800000000,45.0,11.8860510805501,26,196528048,17.89999961853027,-51.59999847412109
